FILE_ID,CATEGORY_ID
20161229_112002_crop1.jpg,0
20161229_112002_crop2.jpg,0
20161229_112002_crop3.jpg,0
20161229_112016_crop1.jpg,0
20161229_112016_crop2.jpg,0
20161229_112016_crop3.jpg,0
20161229_112055_crop1.jpg,0
20161229_112055_crop2.jpg,0
20161229_112055_crop3.jpg,0
IMG_1782_crop1.jpg,0
IMG_1782_crop2.jpg,0
IMG_1782_crop3.jpg,0
IMG_1780_crop1.jpg,0
IMG_1780_crop2.jpg,0
IMG_1780_crop3.jpg,0
20161229_111956_crop1.jpg,0
20161229_111956_crop2.jpg,0
20161229_111956_crop3.jpg,0
20161229_125159_crop1.jpg,0
20161229_125159_crop2.jpg,0
20161229_125159_crop3.jpg,0
20161229_111943_crop1.jpg,0
20161229_111943_crop2.jpg,0
20161229_111943_crop3.jpg,0
20161229_112118_crop1.jpg,0
20161229_112118_crop2.jpg,0
20161229_112118_crop3.jpg,0
20161229_112106_crop1.jpg,0
20161229_112106_crop2.jpg,0
20161229_112106_crop3.jpg,0
20161229_112102_crop1.jpg,0
20161229_112102_crop2.jpg,0
20161229_112102_crop3.jpg,0
IMG_1779_crop1.jpg,0
IMG_1779_crop2.jpg,0
IMG_1779_crop3.jpg,0
20161229_112113_crop1.jpg,0
20161229_112113_crop2.jpg,0
20161229_112113_crop3.jpg,0
IMG_1781_crop1.jpg,0
IMG_1781_crop2.jpg,0
IMG_1781_crop3.jpg,0
20161229_112010_crop1.jpg,0
20161229_112010_crop2.jpg,0
20161229_112010_crop3.jpg,0
20161229_112023_crop1.jpg,0
20161229_112023_crop2.jpg,0
20161229_112023_crop3.jpg,0
20161229_111952_crop1.jpg,0
20161229_111952_crop2.jpg,0
20161229_111952_crop3.jpg,0
20161229_112040_crop1.jpg,0
20161229_112040_crop2.jpg,0
20161229_112040_crop3.jpg,0
20161229_112048_crop1.jpg,0
20161229_112048_crop2.jpg,0
20161229_112048_crop3.jpg,0
20161229_112033_crop1.jpg,0
20161229_112033_crop2.jpg,0
20161229_112033_crop3.jpg,0
20161229_112248_crop1.jpg,1
20161229_112248_crop2.jpg,1
20161229_112248_crop3.jpg,1
20161229_125223_crop1.jpg,1
20161229_125223_crop2.jpg,1
20161229_125223_crop3.jpg,1
20161229_112151_crop1.jpg,1
20161229_112151_crop2.jpg,1
20161229_112151_crop3.jpg,1
20161229_112134_crop1.jpg,1
20161229_112134_crop2.jpg,1
20161229_112134_crop3.jpg,1
20161229_112144_crop1.jpg,1
20161229_112144_crop2.jpg,1
20161229_112144_crop3.jpg,1
20161229_112129_crop1.jpg,1
20161229_112129_crop2.jpg,1
20161229_112129_crop3.jpg,1
20161229_112300_crop1.jpg,2
20161229_112300_crop2.jpg,2
20161229_112300_crop3.jpg,2
20161229_125234_crop1.jpg,2
20161229_125234_crop2.jpg,2
20161229_125234_crop3.jpg,2
20161229_112235_crop1.jpg,2
20161229_112235_crop2.jpg,2
20161229_112235_crop3.jpg,2
20161229_112239_crop1.jpg,2
20161229_112239_crop2.jpg,2
20161229_112239_crop3.jpg,2
20161229_112204_crop1.jpg,2
20161229_112204_crop2.jpg,2
20161229_112204_crop3.jpg,2
20161229_112321_crop1.jpg,3
20161229_112321_crop2.jpg,3
20161229_112321_crop3.jpg,3
20161229_112313_crop1.jpg,3
20161229_112313_crop2.jpg,3
20161229_112313_crop3.jpg,3
20161229_125241_crop1.jpg,3
20161229_125241_crop2.jpg,3
20161229_125241_crop3.jpg,3
IMG_1783_crop1.jpg,3
IMG_1783_crop2.jpg,3
IMG_1783_crop3.jpg,3
20161229_112307_crop1.jpg,3
20161229_112307_crop2.jpg,3
20161229_112307_crop3.jpg,3
20161229_125305_crop1.jpg,4
20161229_125305_crop2.jpg,4
20161229_125305_crop3.jpg,4
20161229_112330_crop1.jpg,4
20161229_112330_crop2.jpg,4
20161229_112330_crop3.jpg,4
IMG_1784_crop1.jpg,4
IMG_1784_crop2.jpg,4
IMG_1784_crop3.jpg,4
20161229_112336_crop1.jpg,4
20161229_112336_crop2.jpg,4
20161229_112336_crop3.jpg,4
20161229_112347_crop1.jpg,5
20161229_112347_crop2.jpg,5
20161229_112347_crop3.jpg,5
20161229_112353_crop1.jpg,5
20161229_112353_crop2.jpg,5
20161229_112353_crop3.jpg,5
IMG_1785_crop1.jpg,5
IMG_1785_crop2.jpg,5
IMG_1785_crop3.jpg,5
20161229_112401_crop1.jpg,5
20161229_112401_crop2.jpg,5
20161229_112401_crop3.jpg,5
20161229_125313_crop1.jpg,5
20161229_125313_crop2.jpg,5
20161229_125313_crop3.jpg,5
IMG_1786_crop1.jpg,6
IMG_1786_crop2.jpg,6
IMG_1786_crop3.jpg,6
20161229_112416_crop1.jpg,6
20161229_112416_crop2.jpg,6
20161229_112416_crop3.jpg,6
20161229_125318_crop1.jpg,6
20161229_125318_crop2.jpg,6
20161229_125318_crop3.jpg,6
IMG_1787_crop1.jpg,6
IMG_1787_crop2.jpg,6
IMG_1787_crop3.jpg,6
20161229_112412_crop1.jpg,6
20161229_112412_crop2.jpg,6
20161229_112412_crop3.jpg,6
20161229_112424_crop1.jpg,7
20161229_112424_crop2.jpg,7
20161229_112424_crop3.jpg,7
20161229_112435_crop1.jpg,7
20161229_112435_crop2.jpg,7
20161229_112435_crop3.jpg,7
20161229_125323_crop1.jpg,7
20161229_125323_crop2.jpg,7
20161229_125323_crop3.jpg,7
IMG_1790_crop1.jpg,8
IMG_1790_crop2.jpg,8
IMG_1790_crop3.jpg,8
20161229_112456_crop1.jpg,8
20161229_112456_crop2.jpg,8
20161229_112456_crop3.jpg,8
20161229_112451_crop1.jpg,8
20161229_112451_crop2.jpg,8
20161229_112451_crop3.jpg,8
IMG_1791_crop1.jpg,8
IMG_1791_crop2.jpg,8
IMG_1791_crop3.jpg,8
IMG_1788_crop1.jpg,8
IMG_1788_crop2.jpg,8
IMG_1788_crop3.jpg,8
IMG_1789_crop1.jpg,8
IMG_1789_crop2.jpg,8
IMG_1789_crop3.jpg,8
20161229_112444_crop1.jpg,8
20161229_112444_crop2.jpg,8
20161229_112444_crop3.jpg,8
20161229_125332_crop1.jpg,8
20161229_125332_crop2.jpg,8
20161229_125332_crop3.jpg,8
20161229_112503_crop1.jpg,8
20161229_112503_crop2.jpg,8
20161229_112503_crop3.jpg,8
20161229_125339_crop1.jpg,9
20161229_125339_crop2.jpg,9
20161229_125339_crop3.jpg,9
20161229_112513_crop1.jpg,9
20161229_112513_crop2.jpg,9
20161229_112513_crop3.jpg,9
20161229_112508_crop1.jpg,9
20161229_112508_crop2.jpg,9
20161229_112508_crop3.jpg,9
20161229_112535_crop1.jpg,10
20161229_112535_crop2.jpg,10
20161229_112535_crop3.jpg,10
20161229_125346_crop1.jpg,10
20161229_125346_crop2.jpg,10
20161229_125346_crop3.jpg,10
20161229_112517_crop1.jpg,10
20161229_112517_crop2.jpg,10
20161229_112517_crop3.jpg,10
20161229_112524_crop1.jpg,10
20161229_112524_crop2.jpg,10
20161229_112524_crop3.jpg,10
20161229_112554_crop1.jpg,11
20161229_112554_crop2.jpg,11
20161229_112554_crop3.jpg,11
20161229_112559_crop1.jpg,11
20161229_112559_crop2.jpg,11
20161229_112559_crop3.jpg,11
20161229_125402_crop1.jpg,11
20161229_125402_crop2.jpg,11
20161229_125402_crop3.jpg,11
20161229_112547_crop1.jpg,11
20161229_112547_crop2.jpg,11
20161229_112547_crop3.jpg,11
IMG_1792_crop1.jpg,12
IMG_1792_crop2.jpg,12
IMG_1792_crop3.jpg,12
20161229_125411_crop1.jpg,12
20161229_125411_crop2.jpg,12
20161229_125411_crop3.jpg,12
20161229_112610_crop1.jpg,12
20161229_112610_crop2.jpg,12
20161229_112610_crop3.jpg,12
IMG_1793_crop1.jpg,12
IMG_1793_crop2.jpg,12
IMG_1793_crop3.jpg,12
20161229_112616_crop1.jpg,12
20161229_112616_crop2.jpg,12
20161229_112616_crop3.jpg,12
20161229_112629_crop1.jpg,13
20161229_112629_crop2.jpg,13
20161229_112629_crop3.jpg,13
IMG_1795_crop1.jpg,13
IMG_1795_crop2.jpg,13
IMG_1795_crop3.jpg,13
IMG_1796_crop1.jpg,13
IMG_1796_crop2.jpg,13
IMG_1796_crop3.jpg,13
IMG_1794_crop1.jpg,13
IMG_1794_crop2.jpg,13
IMG_1794_crop3.jpg,13
20161229_112622_crop1.jpg,13
20161229_112622_crop2.jpg,13
20161229_112622_crop3.jpg,13
20161229_125419_crop1.jpg,13
20161229_125419_crop2.jpg,13
20161229_125419_crop3.jpg,13
IMG_1799_crop1.jpg,14
IMG_1799_crop2.jpg,14
IMG_1799_crop3.jpg,14
IMG_1797_crop1.jpg,14
IMG_1797_crop2.jpg,14
IMG_1797_crop3.jpg,14
20161229_112744_crop1.jpg,14
20161229_112744_crop2.jpg,14
20161229_112744_crop3.jpg,14
20161229_112646_crop1.jpg,14
20161229_112646_crop2.jpg,14
20161229_112646_crop3.jpg,14
20161229_112748_crop1.jpg,14
20161229_112748_crop2.jpg,14
20161229_112748_crop3.jpg,14
IMG_1798_crop1.jpg,14
IMG_1798_crop2.jpg,14
IMG_1798_crop3.jpg,14
20161229_125427_crop1.jpg,14
20161229_125427_crop2.jpg,14
20161229_125427_crop3.jpg,14
IMG_1802_crop1.jpg,15
IMG_1802_crop2.jpg,15
IMG_1802_crop3.jpg,15
20161229_112802_crop1.jpg,15
20161229_112802_crop2.jpg,15
20161229_112802_crop3.jpg,15
20161229_112753_crop1.jpg,15
20161229_112753_crop2.jpg,15
20161229_112753_crop3.jpg,15
20161229_125435_crop1.jpg,15
20161229_125435_crop2.jpg,15
20161229_125435_crop3.jpg,15
IMG_1800_crop1.jpg,15
IMG_1800_crop2.jpg,15
IMG_1800_crop3.jpg,15
20161229_112757_crop1.jpg,15
20161229_112757_crop2.jpg,15
20161229_112757_crop3.jpg,15
IMG_1801_crop1.jpg,15
IMG_1801_crop2.jpg,15
IMG_1801_crop3.jpg,15
20161229_125445_crop1.jpg,16
20161229_125445_crop2.jpg,16
20161229_125445_crop3.jpg,16
20161229_112811_crop1.jpg,16
20161229_112811_crop2.jpg,16
20161229_112811_crop3.jpg,16
20161229_112815_crop1.jpg,16
20161229_112815_crop2.jpg,16
20161229_112815_crop3.jpg,16
20161229_112807_crop1.jpg,16
20161229_112807_crop2.jpg,16
20161229_112807_crop3.jpg,16
20161229_112825_crop1.jpg,17
20161229_112825_crop2.jpg,17
20161229_112825_crop3.jpg,17
20161229_125454_crop1.jpg,17
20161229_125454_crop2.jpg,17
20161229_125454_crop3.jpg,17
20161229_112829_crop1.jpg,17
20161229_112829_crop2.jpg,17
20161229_112829_crop3.jpg,17
20161229_112821_crop1.jpg,17
20161229_112821_crop2.jpg,17
20161229_112821_crop3.jpg,17
20161229_112835_crop1.jpg,18
20161229_112835_crop2.jpg,18
20161229_112835_crop3.jpg,18
20161229_112844_crop1.jpg,18
20161229_112844_crop2.jpg,18
20161229_112844_crop3.jpg,18
20161229_125508_crop1.jpg,18
20161229_125508_crop2.jpg,18
20161229_125508_crop3.jpg,18
IMG_1805_crop1.jpg,19
IMG_1805_crop2.jpg,19
IMG_1805_crop3.jpg,19
20161229_125517_crop1.jpg,19
20161229_125517_crop2.jpg,19
20161229_125517_crop3.jpg,19
20161229_112856_crop1.jpg,19
20161229_112856_crop2.jpg,19
20161229_112856_crop3.jpg,19
IMG_1804_crop1.jpg,19
IMG_1804_crop2.jpg,19
IMG_1804_crop3.jpg,19
20161229_112848_crop1.jpg,19
20161229_112848_crop2.jpg,19
20161229_112848_crop3.jpg,19
20161229_112902_crop1.jpg,19
20161229_112902_crop2.jpg,19
20161229_112902_crop3.jpg,19
IMG_1803_crop1.jpg,19
IMG_1803_crop2.jpg,19
IMG_1803_crop3.jpg,19
20161229_125524_crop1.jpg,20
20161229_125524_crop2.jpg,20
20161229_125524_crop3.jpg,20
20161229_112924_crop1.jpg,20
20161229_112924_crop2.jpg,20
20161229_112924_crop3.jpg,20
20161229_112909_crop1.jpg,20
20161229_112909_crop2.jpg,20
20161229_112909_crop3.jpg,20
20161229_112906_crop1.jpg,20
20161229_112906_crop2.jpg,20
20161229_112906_crop3.jpg,20
20161229_112917_crop1.jpg,20
20161229_112917_crop2.jpg,20
20161229_112917_crop3.jpg,20
20161229_112933_crop1.jpg,21
20161229_112933_crop2.jpg,21
20161229_112933_crop3.jpg,21
20161229_125532_crop1.jpg,21
20161229_125532_crop2.jpg,21
20161229_125532_crop3.jpg,21
20161229_112938_crop1.jpg,21
20161229_112938_crop2.jpg,21
20161229_112938_crop3.jpg,21
20161229_112944_crop1.jpg,21
20161229_112944_crop2.jpg,21
20161229_112944_crop3.jpg,21
20161229_112950_crop1.jpg,21
20161229_112950_crop2.jpg,21
20161229_112950_crop3.jpg,21
20161229_113007_crop1.jpg,22
20161229_113007_crop2.jpg,22
20161229_113007_crop3.jpg,22
20161229_113001_crop1.jpg,22
20161229_113001_crop2.jpg,22
20161229_113001_crop3.jpg,22
20161229_125542_crop1.jpg,22
20161229_125542_crop2.jpg,22
20161229_125542_crop3.jpg,22
20161229_112954_crop1.jpg,22
20161229_112954_crop2.jpg,22
20161229_112954_crop3.jpg,22
20161229_113019_crop1.jpg,23
20161229_113019_crop2.jpg,23
20161229_113019_crop3.jpg,23
20161229_113013_crop1.jpg,23
20161229_113013_crop2.jpg,23
20161229_113013_crop3.jpg,23
20161229_113022_crop1.jpg,23
20161229_113022_crop2.jpg,23
20161229_113022_crop3.jpg,23
20161229_125550_crop1.jpg,23
20161229_125550_crop2.jpg,23
20161229_125550_crop3.jpg,23
20161229_113026_crop1.jpg,24
20161229_113026_crop2.jpg,24
20161229_113026_crop3.jpg,24
20161229_125557_crop1.jpg,24
20161229_125557_crop2.jpg,24
20161229_125557_crop3.jpg,24
20161229_113033_crop1.jpg,24
20161229_113033_crop2.jpg,24
20161229_113033_crop3.jpg,24
20161229_113036_crop1.jpg,25
20161229_113036_crop2.jpg,25
20161229_113036_crop3.jpg,25
20161229_113041_crop1.jpg,25
20161229_113041_crop2.jpg,25
20161229_113041_crop3.jpg,25
20161229_113045_crop1.jpg,25
20161229_113045_crop2.jpg,25
20161229_113045_crop3.jpg,25
20161229_125605_crop1.jpg,25
20161229_125605_crop2.jpg,25
20161229_125605_crop3.jpg,25
20161229_113102_crop1.jpg,26
20161229_113102_crop2.jpg,26
20161229_113102_crop3.jpg,26
20161229_113056_crop1.jpg,26
20161229_113056_crop2.jpg,26
20161229_113056_crop3.jpg,26
20161229_113106_crop1.jpg,26
20161229_113106_crop2.jpg,26
20161229_113106_crop3.jpg,26
20161229_125613_crop1.jpg,26
20161229_125613_crop2.jpg,26
20161229_125613_crop3.jpg,26
20161229_113049_crop1.jpg,26
20161229_113049_crop2.jpg,26
20161229_113049_crop3.jpg,26
20161229_113130_crop1.jpg,27
20161229_113130_crop2.jpg,27
20161229_113130_crop3.jpg,27
20161229_113134_crop1.jpg,27
20161229_113134_crop2.jpg,27
20161229_113134_crop3.jpg,27
20161229_113149_crop1.jpg,27
20161229_113149_crop2.jpg,27
20161229_113149_crop3.jpg,27
20161229_125631_crop1.jpg,27
20161229_125631_crop2.jpg,27
20161229_125631_crop3.jpg,27
20161229_113141_crop1.jpg,27
20161229_113141_crop2.jpg,27
20161229_113141_crop3.jpg,27
20161229_113248_crop1.jpg,28
20161229_113248_crop2.jpg,28
20161229_113248_crop3.jpg,28
20161229_113259_crop1.jpg,28
20161229_113259_crop2.jpg,28
20161229_113259_crop3.jpg,28
20161229_113240_crop1.jpg,28
20161229_113240_crop2.jpg,28
20161229_113240_crop3.jpg,28
20161229_113313_crop1.jpg,28
20161229_113313_crop2.jpg,28
20161229_113313_crop3.jpg,28
20161229_113205_crop1.jpg,28
20161229_113205_crop2.jpg,28
20161229_113205_crop3.jpg,28
20161229_113354_crop1.jpg,28
20161229_113354_crop2.jpg,28
20161229_113354_crop3.jpg,28
IMG_1806_crop1.jpg,28
IMG_1806_crop2.jpg,28
IMG_1806_crop3.jpg,28
20161229_113347_crop1.jpg,28
20161229_113347_crop2.jpg,28
20161229_113347_crop3.jpg,28
20161229_113351_crop1.jpg,28
20161229_113351_crop2.jpg,28
20161229_113351_crop3.jpg,28
20161229_113328_crop1.jpg,28
20161229_113328_crop2.jpg,28
20161229_113328_crop3.jpg,28
20161229_113221_crop1.jpg,28
20161229_113221_crop2.jpg,28
20161229_113221_crop3.jpg,28
20161229_113233_crop1.jpg,28
20161229_113233_crop2.jpg,28
20161229_113233_crop3.jpg,28
20161229_125639_crop1.jpg,28
20161229_125639_crop2.jpg,28
20161229_125639_crop3.jpg,28
20161229_113256_crop1.jpg,28
20161229_113256_crop2.jpg,28
20161229_113256_crop3.jpg,28
20161229_113212_crop1.jpg,28
20161229_113212_crop2.jpg,28
20161229_113212_crop3.jpg,28
20161229_113341_crop1.jpg,28
20161229_113341_crop2.jpg,28
20161229_113341_crop3.jpg,28
IMG_1809_crop1.jpg,28
IMG_1809_crop2.jpg,28
IMG_1809_crop3.jpg,28
20161229_113305_crop1.jpg,28
20161229_113305_crop2.jpg,28
20161229_113305_crop3.jpg,28
20161229_113358_crop1.jpg,28
20161229_113358_crop2.jpg,28
20161229_113358_crop3.jpg,28
IMG_1808_crop1.jpg,28
IMG_1808_crop2.jpg,28
IMG_1808_crop3.jpg,28
IMG_1807_crop1.jpg,28
IMG_1807_crop2.jpg,28
IMG_1807_crop3.jpg,28
IMG_1810_crop1.jpg,29
IMG_1810_crop2.jpg,29
IMG_1810_crop3.jpg,29
20161229_113419_crop1.jpg,29
20161229_113419_crop2.jpg,29
20161229_113419_crop3.jpg,29
20161229_113612_crop1.jpg,29
20161229_113612_crop2.jpg,29
20161229_113612_crop3.jpg,29
IMG_1815_crop1.jpg,29
IMG_1815_crop2.jpg,29
IMG_1815_crop3.jpg,29
IMG_1816_crop1.jpg,29
IMG_1816_crop2.jpg,29
IMG_1816_crop3.jpg,29
20161229_113619_crop1.jpg,29
20161229_113619_crop2.jpg,29
20161229_113619_crop3.jpg,29
IMG_1812_crop1.jpg,29
IMG_1812_crop2.jpg,29
IMG_1812_crop3.jpg,29
20161229_113408_crop1.jpg,29
20161229_113408_crop2.jpg,29
20161229_113408_crop3.jpg,29
20161229_113424_crop1.jpg,29
20161229_113424_crop2.jpg,29
20161229_113424_crop3.jpg,29
20161229_113611_crop1.jpg,29
20161229_113611_crop2.jpg,29
20161229_113611_crop3.jpg,29
20161229_113434_crop1.jpg,29
20161229_113434_crop2.jpg,29
20161229_113434_crop3.jpg,29
20161229_113416_crop1.jpg,29
20161229_113416_crop2.jpg,29
20161229_113416_crop3.jpg,29
20161229_113453_crop1.jpg,29
20161229_113453_crop2.jpg,29
20161229_113453_crop3.jpg,29
IMG_1813_crop1.jpg,29
IMG_1813_crop2.jpg,29
IMG_1813_crop3.jpg,29
20161229_125657_crop1.jpg,29
20161229_125657_crop2.jpg,29
20161229_125657_crop3.jpg,29
IMG_1814_crop1.jpg,29
IMG_1814_crop2.jpg,29
IMG_1814_crop3.jpg,29
20161229_113455_crop1.jpg,29
20161229_113455_crop2.jpg,29
20161229_113455_crop3.jpg,29
IMG_1811_crop1.jpg,29
IMG_1811_crop2.jpg,29
IMG_1811_crop3.jpg,29
20161229_113503_crop1.jpg,29
20161229_113503_crop2.jpg,29
20161229_113503_crop3.jpg,29
20161229_113608_crop1.jpg,29
20161229_113608_crop2.jpg,29
20161229_113608_crop3.jpg,29
20161229_113428_crop1.jpg,29
20161229_113428_crop2.jpg,29
20161229_113428_crop3.jpg,29
20161229_113507_crop1.jpg,29
20161229_113507_crop2.jpg,29
20161229_113507_crop3.jpg,29
20161229_113644_crop1.jpg,30
20161229_113644_crop2.jpg,30
20161229_113644_crop3.jpg,30
20161229_113702_crop1.jpg,30
20161229_113702_crop2.jpg,30
20161229_113702_crop3.jpg,30
20161229_113714_crop1.jpg,30
20161229_113714_crop2.jpg,30
20161229_113714_crop3.jpg,30
20161229_113651_crop1.jpg,30
20161229_113651_crop2.jpg,30
20161229_113651_crop3.jpg,30
20161229_125714_crop1.jpg,30
20161229_125714_crop2.jpg,30
20161229_125714_crop3.jpg,30
20161229_113637_crop1.jpg,30
20161229_113637_crop2.jpg,30
20161229_113637_crop3.jpg,30
20161229_113632_crop1.jpg,30
20161229_113632_crop2.jpg,30
20161229_113632_crop3.jpg,30
20161229_113709_crop1.jpg,30
20161229_113709_crop2.jpg,30
20161229_113709_crop3.jpg,30
20161229_113656_crop1.jpg,30
20161229_113656_crop2.jpg,30
20161229_113656_crop3.jpg,30
20161229_113726_crop1.jpg,31
20161229_113726_crop2.jpg,31
20161229_113726_crop3.jpg,31
20161229_113732_crop1.jpg,31
20161229_113732_crop2.jpg,31
20161229_113732_crop3.jpg,31
20161229_123909_crop1.jpg,31
20161229_123909_crop2.jpg,31
20161229_123909_crop3.jpg,31
20161229_125732_crop1.jpg,31
20161229_125732_crop2.jpg,31
20161229_125732_crop3.jpg,31
20161229_123925_crop1.jpg,31
20161229_123925_crop2.jpg,31
20161229_123925_crop3.jpg,31
20161229_123917_crop1.jpg,31
20161229_123917_crop2.jpg,31
20161229_123917_crop3.jpg,31
20161229_123901_crop1.jpg,32
20161229_123901_crop2.jpg,32
20161229_123901_crop3.jpg,32
20161229_113747_crop1.jpg,32
20161229_113747_crop2.jpg,32
20161229_113747_crop3.jpg,32
20161229_123850_crop1.jpg,32
20161229_123850_crop2.jpg,32
20161229_123850_crop3.jpg,32
20161229_113736_crop1.jpg,32
20161229_113736_crop2.jpg,32
20161229_113736_crop3.jpg,32
20161229_123853_crop1.jpg,32
20161229_123853_crop2.jpg,32
20161229_123853_crop3.jpg,32
IMG_1818_crop1.jpg,32
IMG_1818_crop2.jpg,32
IMG_1818_crop3.jpg,32
20161229_125737_crop1.jpg,32
20161229_125737_crop2.jpg,32
20161229_125737_crop3.jpg,32
20161229_113819_crop1.jpg,33
20161229_113819_crop2.jpg,33
20161229_113819_crop3.jpg,33
20161229_125745_crop1.jpg,33
20161229_125745_crop2.jpg,33
20161229_125745_crop3.jpg,33
IMG_1836_crop1.jpg,33
IMG_1836_crop2.jpg,33
IMG_1836_crop3.jpg,33
20161229_113814_crop1.jpg,33
20161229_113814_crop2.jpg,33
20161229_113814_crop3.jpg,33
20161229_113837_crop1.jpg,34
20161229_113837_crop2.jpg,34
20161229_113837_crop3.jpg,34
20161229_125753_crop1.jpg,34
20161229_125753_crop2.jpg,34
20161229_125753_crop3.jpg,34
20161229_113827_crop1.jpg,34
20161229_113827_crop2.jpg,34
20161229_113827_crop3.jpg,34
IMG_1835_crop1.jpg,34
IMG_1835_crop2.jpg,34
IMG_1835_crop3.jpg,34
20161229_125759_crop1.jpg,35
20161229_125759_crop2.jpg,35
20161229_125759_crop3.jpg,35
IMG_1834_crop1.jpg,35
IMG_1834_crop2.jpg,35
IMG_1834_crop3.jpg,35
20161229_113848_crop1.jpg,35
20161229_113848_crop2.jpg,35
20161229_113848_crop3.jpg,35
20161229_113843_crop1.jpg,35
20161229_113843_crop2.jpg,35
20161229_113843_crop3.jpg,35
IMG_1817_crop1.jpg,35
IMG_1817_crop2.jpg,35
IMG_1817_crop3.jpg,35
20161229_113902_crop1.jpg,36
20161229_113902_crop2.jpg,36
20161229_113902_crop3.jpg,36
20161229_113907_crop1.jpg,36
20161229_113907_crop2.jpg,36
20161229_113907_crop3.jpg,36
20161229_125807_crop1.jpg,36
20161229_125807_crop2.jpg,36
20161229_125807_crop3.jpg,36
IMG_1833_crop1.jpg,36
IMG_1833_crop2.jpg,36
IMG_1833_crop3.jpg,36
20161229_113857_crop1.jpg,36
20161229_113857_crop2.jpg,36
20161229_113857_crop3.jpg,36
20161229_113917_crop1.jpg,37
20161229_113917_crop2.jpg,37
20161229_113917_crop3.jpg,37
20161229_113930_crop1.jpg,37
20161229_113930_crop2.jpg,37
20161229_113930_crop3.jpg,37
20161229_125815_crop1.jpg,37
20161229_125815_crop2.jpg,37
20161229_125815_crop3.jpg,37
IMG_1837_crop1.jpg,37
IMG_1837_crop2.jpg,37
IMG_1837_crop3.jpg,37
20161229_114000_crop1.jpg,38
20161229_114000_crop2.jpg,38
20161229_114000_crop3.jpg,38
IMG_1820_crop1.jpg,38
IMG_1820_crop2.jpg,38
IMG_1820_crop3.jpg,38
20161229_125824_crop1.jpg,38
20161229_125824_crop2.jpg,38
20161229_125824_crop3.jpg,38
20161229_114030_crop1.jpg,38
20161229_114030_crop2.jpg,38
20161229_114030_crop3.jpg,38
IMG_1819_crop1.jpg,38
IMG_1819_crop2.jpg,38
IMG_1819_crop3.jpg,38
20161229_113944_crop1.jpg,38
20161229_113944_crop2.jpg,38
20161229_113944_crop3.jpg,38
20161229_113934_crop1.jpg,38
20161229_113934_crop2.jpg,38
20161229_113934_crop3.jpg,38
20161229_114035_crop1.jpg,39
20161229_114035_crop2.jpg,39
20161229_114035_crop3.jpg,39
20161229_114044_crop1.jpg,39
20161229_114044_crop2.jpg,39
20161229_114044_crop3.jpg,39
IMG_1838_crop1.jpg,39
IMG_1838_crop2.jpg,39
IMG_1838_crop3.jpg,39
20161229_125832_crop1.jpg,39
20161229_125832_crop2.jpg,39
20161229_125832_crop3.jpg,39
20161229_125838_crop1.jpg,40
20161229_125838_crop2.jpg,40
20161229_125838_crop3.jpg,40
20161229_114050_crop1.jpg,40
20161229_114050_crop2.jpg,40
20161229_114050_crop3.jpg,40
20161229_114058_crop1.jpg,40
20161229_114058_crop2.jpg,40
20161229_114058_crop3.jpg,40
IMG_1839_crop1.jpg,40
IMG_1839_crop2.jpg,40
IMG_1839_crop3.jpg,40
20161229_114053_crop1.jpg,40
20161229_114053_crop2.jpg,40
20161229_114053_crop3.jpg,40
20161229_114107_crop1.jpg,41
20161229_114107_crop2.jpg,41
20161229_114107_crop3.jpg,41
20161229_125845_crop1.jpg,41
20161229_125845_crop2.jpg,41
20161229_125845_crop3.jpg,41
20161229_114103_crop1.jpg,41
20161229_114103_crop2.jpg,41
20161229_114103_crop3.jpg,41
IMG_1840_crop1.jpg,41
IMG_1840_crop2.jpg,41
IMG_1840_crop3.jpg,41
20161229_114115_crop1.jpg,42
20161229_114115_crop2.jpg,42
20161229_114115_crop3.jpg,42
IMG_1822_crop1.jpg,42
IMG_1822_crop2.jpg,42
IMG_1822_crop3.jpg,42
20161229_114111_crop1.jpg,42
20161229_114111_crop2.jpg,42
20161229_114111_crop3.jpg,42
IMG_1821_crop1.jpg,42
IMG_1821_crop2.jpg,42
IMG_1821_crop3.jpg,42
IMG_1841_crop1.jpg,42
IMG_1841_crop2.jpg,42
IMG_1841_crop3.jpg,42
20161229_125851_crop1.jpg,42
20161229_125851_crop2.jpg,42
20161229_125851_crop3.jpg,42
IMG_1823_crop1.jpg,42
IMG_1823_crop2.jpg,42
IMG_1823_crop3.jpg,42
20161229_114123_crop1.jpg,43
20161229_114123_crop2.jpg,43
20161229_114123_crop3.jpg,43
20161229_114119_crop1.jpg,43
20161229_114119_crop2.jpg,43
20161229_114119_crop3.jpg,43
IMG_1842_crop1.jpg,43
IMG_1842_crop2.jpg,43
IMG_1842_crop3.jpg,43
20161229_125857_crop1.jpg,43
20161229_125857_crop2.jpg,43
20161229_125857_crop3.jpg,43
20161229_114127_crop1.jpg,44
20161229_114127_crop2.jpg,44
20161229_114127_crop3.jpg,44
20161229_114131_crop1.jpg,44
20161229_114131_crop2.jpg,44
20161229_114131_crop3.jpg,44
IMG_1825_crop1.jpg,44
IMG_1825_crop2.jpg,44
IMG_1825_crop3.jpg,44
20161229_125905_crop1.jpg,44
20161229_125905_crop2.jpg,44
20161229_125905_crop3.jpg,44
20161229_114135_crop1.jpg,44
20161229_114135_crop2.jpg,44
20161229_114135_crop3.jpg,44
IMG_1824_crop1.jpg,44
IMG_1824_crop2.jpg,44
IMG_1824_crop3.jpg,44
20161229_114139_crop1.jpg,45
20161229_114139_crop2.jpg,45
20161229_114139_crop3.jpg,45
20161229_114148_crop1.jpg,45
20161229_114148_crop2.jpg,45
20161229_114148_crop3.jpg,45
20161229_114144_crop1.jpg,45
20161229_114144_crop2.jpg,45
20161229_114144_crop3.jpg,45
20161229_125912_crop1.jpg,45
20161229_125912_crop2.jpg,45
20161229_125912_crop3.jpg,45
IMG_1843_crop1.jpg,45
IMG_1843_crop2.jpg,45
IMG_1843_crop3.jpg,45
20161229_114200_crop1.jpg,46
20161229_114200_crop2.jpg,46
20161229_114200_crop3.jpg,46
20161229_114153_crop1.jpg,46
20161229_114153_crop2.jpg,46
20161229_114153_crop3.jpg,46
20161229_125919_crop1.jpg,46
20161229_125919_crop2.jpg,46
20161229_125919_crop3.jpg,46
IMG_1826_crop1.jpg,46
IMG_1826_crop2.jpg,46
IMG_1826_crop3.jpg,46
IMG_1828_crop1.jpg,46
IMG_1828_crop2.jpg,46
IMG_1828_crop3.jpg,46
20161229_114157_crop1.jpg,46
20161229_114157_crop2.jpg,46
20161229_114157_crop3.jpg,46
IMG_1827_crop1.jpg,46
IMG_1827_crop2.jpg,46
IMG_1827_crop3.jpg,46
20161229_125926_crop1.jpg,47
20161229_125926_crop2.jpg,47
20161229_125926_crop3.jpg,47
20161229_114212_crop1.jpg,47
20161229_114212_crop2.jpg,47
20161229_114212_crop3.jpg,47
20161229_114224_crop1.jpg,47
20161229_114224_crop2.jpg,47
20161229_114224_crop3.jpg,47
20161229_114206_crop1.jpg,47
20161229_114206_crop2.jpg,47
20161229_114206_crop3.jpg,47
20161229_125936_crop1.jpg,48
20161229_125936_crop2.jpg,48
20161229_125936_crop3.jpg,48
20161229_125932_crop1.jpg,48
20161229_125932_crop2.jpg,48
20161229_125932_crop3.jpg,48
20161229_114232_crop1.jpg,48
20161229_114232_crop2.jpg,48
20161229_114232_crop3.jpg,48
IMG_1845_crop1.jpg,48
IMG_1845_crop2.jpg,48
IMG_1845_crop3.jpg,48
20161229_114237_crop1.jpg,48
20161229_114237_crop2.jpg,48
20161229_114237_crop3.jpg,48
IMG_1844_crop1.jpg,48
IMG_1844_crop2.jpg,48
IMG_1844_crop3.jpg,48
20161229_114241_crop1.jpg,49
20161229_114241_crop2.jpg,49
20161229_114241_crop3.jpg,49
20161229_114245_crop1.jpg,49
20161229_114245_crop2.jpg,49
20161229_114245_crop3.jpg,49
IMG_1846_crop1.jpg,49
IMG_1846_crop2.jpg,49
IMG_1846_crop3.jpg,49
20161229_125942_crop1.jpg,49
20161229_125942_crop2.jpg,49
20161229_125942_crop3.jpg,49
20161229_114255_crop1.jpg,50
20161229_114255_crop2.jpg,50
20161229_114255_crop3.jpg,50
20161229_125949_crop1.jpg,50
20161229_125949_crop2.jpg,50
20161229_125949_crop3.jpg,50
IMG_1829_crop1.jpg,50
IMG_1829_crop2.jpg,50
IMG_1829_crop3.jpg,50
IMG_1847_crop1.jpg,50
IMG_1847_crop2.jpg,50
IMG_1847_crop3.jpg,50
20161229_114249_crop1.jpg,50
20161229_114249_crop2.jpg,50
20161229_114249_crop3.jpg,50
20161229_114252_crop1.jpg,50
20161229_114252_crop2.jpg,50
20161229_114252_crop3.jpg,50
20161229_114308_crop1.jpg,51
20161229_114308_crop2.jpg,51
20161229_114308_crop3.jpg,51
20161229_114304_crop1.jpg,51
20161229_114304_crop2.jpg,51
20161229_114304_crop3.jpg,51
20161229_114300_crop1.jpg,51
20161229_114300_crop2.jpg,51
20161229_114300_crop3.jpg,51
20161229_125956_crop1.jpg,51
20161229_125956_crop2.jpg,51
20161229_125956_crop3.jpg,51
IMG_1848_crop1.jpg,51
IMG_1848_crop2.jpg,51
IMG_1848_crop3.jpg,51
20161229_114313_crop1.jpg,52
20161229_114313_crop2.jpg,52
20161229_114313_crop3.jpg,52
20161229_114316_crop1.jpg,52
20161229_114316_crop2.jpg,52
20161229_114316_crop3.jpg,52
IMG_1849_crop1.jpg,52
IMG_1849_crop2.jpg,52
IMG_1849_crop3.jpg,52
20161229_130003_crop1.jpg,52
20161229_130003_crop2.jpg,52
20161229_130003_crop3.jpg,52
20161229_114320_crop1.jpg,52
20161229_114320_crop2.jpg,52
20161229_114320_crop3.jpg,52
20161229_130009_crop1.jpg,53
20161229_130009_crop2.jpg,53
20161229_130009_crop3.jpg,53
IMG_1851_crop1.jpg,53
IMG_1851_crop2.jpg,53
IMG_1851_crop3.jpg,53
IMG_1850_crop1.jpg,53
IMG_1850_crop2.jpg,53
IMG_1850_crop3.jpg,53
20161229_114325_crop1.jpg,53
20161229_114325_crop2.jpg,53
20161229_114325_crop3.jpg,53
20161229_114339_crop1.jpg,53
20161229_114339_crop2.jpg,53
20161229_114339_crop3.jpg,53
20161229_114329_crop1.jpg,53
20161229_114329_crop2.jpg,53
20161229_114329_crop3.jpg,53
20161229_130014_crop1.jpg,54
20161229_130014_crop2.jpg,54
20161229_130014_crop3.jpg,54
20161229_114346_crop1.jpg,54
20161229_114346_crop2.jpg,54
20161229_114346_crop3.jpg,54
20161229_114351_crop1.jpg,54
20161229_114351_crop2.jpg,54
20161229_114351_crop3.jpg,54
IMG_1831_crop1.jpg,54
IMG_1831_crop2.jpg,54
IMG_1831_crop3.jpg,54
IMG_1830_crop1.jpg,54
IMG_1830_crop2.jpg,54
IMG_1830_crop3.jpg,54
20161229_114357_crop1.jpg,54
20161229_114357_crop2.jpg,54
20161229_114357_crop3.jpg,54
IMG_1832_crop1.jpg,54
IMG_1832_crop2.jpg,54
IMG_1832_crop3.jpg,54
20161229_114430_crop1.jpg,55
20161229_114430_crop2.jpg,55
20161229_114430_crop3.jpg,55
20161229_114423_crop1.jpg,55
20161229_114423_crop2.jpg,55
20161229_114423_crop3.jpg,55
20161229_114443_crop1.jpg,55
20161229_114443_crop2.jpg,55
20161229_114443_crop3.jpg,55
IMG_1852_crop1.jpg,55
IMG_1852_crop2.jpg,55
IMG_1852_crop3.jpg,55
20161229_114434_crop1.jpg,55
20161229_114434_crop2.jpg,55
20161229_114434_crop3.jpg,55
20161229_130043_crop1.jpg,55
20161229_130043_crop2.jpg,55
20161229_130043_crop3.jpg,55
20161229_114513_crop1.jpg,56
20161229_114513_crop2.jpg,56
20161229_114513_crop3.jpg,56
20161229_130054_crop1.jpg,56
20161229_130054_crop2.jpg,56
20161229_130054_crop3.jpg,56
20161229_114457_crop1.jpg,56
20161229_114457_crop2.jpg,56
20161229_114457_crop3.jpg,56
20161229_114503_crop1.jpg,56
20161229_114503_crop2.jpg,56
20161229_114503_crop3.jpg,56
IMG_1853_crop1.jpg,56
IMG_1853_crop2.jpg,56
IMG_1853_crop3.jpg,56
20161229_114545_crop1.jpg,57
20161229_114545_crop2.jpg,57
20161229_114545_crop3.jpg,57
20161229_114550_crop1.jpg,57
20161229_114550_crop2.jpg,57
20161229_114550_crop3.jpg,57
IMG_1857_crop1.jpg,57
IMG_1857_crop2.jpg,57
IMG_1857_crop3.jpg,57
20161229_114528_crop1.jpg,57
20161229_114528_crop2.jpg,57
20161229_114528_crop3.jpg,57
20161229_114540_crop1.jpg,57
20161229_114540_crop2.jpg,57
20161229_114540_crop3.jpg,57
20161229_114519_crop1.jpg,57
20161229_114519_crop2.jpg,57
20161229_114519_crop3.jpg,57
IMG_1858_crop1.jpg,57
IMG_1858_crop2.jpg,57
IMG_1858_crop3.jpg,57
20161229_114643_crop1.jpg,58
20161229_114643_crop2.jpg,58
20161229_114643_crop3.jpg,58
IMG_1855_crop1.jpg,58
IMG_1855_crop2.jpg,58
IMG_1855_crop3.jpg,58
20161229_130110_crop1.jpg,58
20161229_130110_crop2.jpg,58
20161229_130110_crop3.jpg,58
20161229_114610_crop1.jpg,58
20161229_114610_crop2.jpg,58
20161229_114610_crop3.jpg,58
20161229_114619_crop1.jpg,58
20161229_114619_crop2.jpg,58
20161229_114619_crop3.jpg,58
IMG_1854_crop1.jpg,58
IMG_1854_crop2.jpg,58
IMG_1854_crop3.jpg,58
20161229_114701_crop1.jpg,59
20161229_114701_crop2.jpg,59
20161229_114701_crop3.jpg,59
IMG_1859_crop1.jpg,59
IMG_1859_crop2.jpg,59
IMG_1859_crop3.jpg,59
IMG_1856_crop1.jpg,59
IMG_1856_crop2.jpg,59
IMG_1856_crop3.jpg,59
20161229_114654_crop1.jpg,59
20161229_114654_crop2.jpg,59
20161229_114654_crop3.jpg,59
20161229_114712_crop1.jpg,59
20161229_114712_crop2.jpg,59
20161229_114712_crop3.jpg,59
20161229_130133_crop1.jpg,59
20161229_130133_crop2.jpg,59
20161229_130133_crop3.jpg,59
20161229_114706_crop1.jpg,59
20161229_114706_crop2.jpg,59
20161229_114706_crop3.jpg,59
20161229_114741_crop1.jpg,60
20161229_114741_crop2.jpg,60
20161229_114741_crop3.jpg,60
20161229_114736_crop1.jpg,60
20161229_114736_crop2.jpg,60
20161229_114736_crop3.jpg,60
IMG_1861_crop1.jpg,60
IMG_1861_crop2.jpg,60
IMG_1861_crop3.jpg,60
20161229_114749_crop1.jpg,60
20161229_114749_crop2.jpg,60
20161229_114749_crop3.jpg,60
IMG_1860_crop1.jpg,60
IMG_1860_crop2.jpg,60
IMG_1860_crop3.jpg,60
20161229_114730_crop1.jpg,60
20161229_114730_crop2.jpg,60
20161229_114730_crop3.jpg,60
20161229_130145_crop1.jpg,60
20161229_130145_crop2.jpg,60
20161229_130145_crop3.jpg,60
20161229_114833_crop1.jpg,61
20161229_114833_crop2.jpg,61
20161229_114833_crop3.jpg,61
20161229_114818_crop1.jpg,61
20161229_114818_crop2.jpg,61
20161229_114818_crop3.jpg,61
IMG_1862_crop1.jpg,61
IMG_1862_crop2.jpg,61
IMG_1862_crop3.jpg,61
20161229_114812_crop1.jpg,61
20161229_114812_crop2.jpg,61
20161229_114812_crop3.jpg,61
20161229_114839_crop1.jpg,61
20161229_114839_crop2.jpg,61
20161229_114839_crop3.jpg,61
IMG_1864_crop1.jpg,61
IMG_1864_crop2.jpg,61
IMG_1864_crop3.jpg,61
IMG_1865_crop1.jpg,61
IMG_1865_crop2.jpg,61
IMG_1865_crop3.jpg,61
20161229_114804_crop1.jpg,61
20161229_114804_crop2.jpg,61
20161229_114804_crop3.jpg,61
20161229_114848_crop1.jpg,61
20161229_114848_crop2.jpg,61
20161229_114848_crop3.jpg,61
20161229_130159_crop1.jpg,61
20161229_130159_crop2.jpg,61
20161229_130159_crop3.jpg,61
IMG_1863_crop1.jpg,61
IMG_1863_crop2.jpg,61
IMG_1863_crop3.jpg,61
20161229_115005_crop1.jpg,62
20161229_115005_crop2.jpg,62
20161229_115005_crop3.jpg,62
20161229_130233_crop1.jpg,62
20161229_130233_crop2.jpg,62
20161229_130233_crop3.jpg,62
20161229_114947_crop1.jpg,62
20161229_114947_crop2.jpg,62
20161229_114947_crop3.jpg,62
20161229_115009_crop1.jpg,62
20161229_115009_crop2.jpg,62
20161229_115009_crop3.jpg,62
IMG_1867_crop1.jpg,62
IMG_1867_crop2.jpg,62
IMG_1867_crop3.jpg,62
IMG_1868_crop1.jpg,63
IMG_1868_crop2.jpg,63
IMG_1868_crop3.jpg,63
20161229_115013_crop1.jpg,63
20161229_115013_crop2.jpg,63
20161229_115013_crop3.jpg,63
20161229_130238_crop1.jpg,63
20161229_130238_crop2.jpg,63
20161229_130238_crop3.jpg,63
20161229_115017_crop1.jpg,63
20161229_115017_crop2.jpg,63
20161229_115017_crop3.jpg,63
20161229_115020_crop1.jpg,63
20161229_115020_crop2.jpg,63
20161229_115020_crop3.jpg,63
IMG_1869_crop1.jpg,64
IMG_1869_crop2.jpg,64
IMG_1869_crop3.jpg,64
20161229_115027_crop1.jpg,64
20161229_115027_crop2.jpg,64
20161229_115027_crop3.jpg,64
20161229_130318_crop1.jpg,64
20161229_130318_crop2.jpg,64
20161229_130318_crop3.jpg,64
20161229_115031_crop1.jpg,64
20161229_115031_crop2.jpg,64
20161229_115031_crop3.jpg,64
20161229_115024_crop1.jpg,64
20161229_115024_crop2.jpg,64
20161229_115024_crop3.jpg,64
20161229_115035_crop1.jpg,65
20161229_115035_crop2.jpg,65
20161229_115035_crop3.jpg,65
IMG_1870_crop1.jpg,65
IMG_1870_crop2.jpg,65
IMG_1870_crop3.jpg,65
20161229_115043_crop1.jpg,65
20161229_115043_crop2.jpg,65
20161229_115043_crop3.jpg,65
20161229_115039_crop1.jpg,65
20161229_115039_crop2.jpg,65
20161229_115039_crop3.jpg,65
20161229_130324_crop1.jpg,65
20161229_130324_crop2.jpg,65
20161229_130324_crop3.jpg,65
IMG_1871_crop1.jpg,66
IMG_1871_crop2.jpg,66
IMG_1871_crop3.jpg,66
20161229_115048_crop1.jpg,66
20161229_115048_crop2.jpg,66
20161229_115048_crop3.jpg,66
20161229_115055_crop1.jpg,66
20161229_115055_crop2.jpg,66
20161229_115055_crop3.jpg,66
20161229_130337_crop1.jpg,66
20161229_130337_crop2.jpg,66
20161229_130337_crop3.jpg,66
20161229_115051_crop1.jpg,66
20161229_115051_crop2.jpg,66
20161229_115051_crop3.jpg,66
20161229_115103_crop1.jpg,67
20161229_115103_crop2.jpg,67
20161229_115103_crop3.jpg,67
20161229_130343_crop1.jpg,67
20161229_130343_crop2.jpg,67
20161229_130343_crop3.jpg,67
20161229_115107_crop1.jpg,67
20161229_115107_crop2.jpg,67
20161229_115107_crop3.jpg,67
IMG_1872_crop1.jpg,67
IMG_1872_crop2.jpg,67
IMG_1872_crop3.jpg,67
20161229_115059_crop1.jpg,67
20161229_115059_crop2.jpg,67
20161229_115059_crop3.jpg,67
IMG_1873_crop1.jpg,68
IMG_1873_crop2.jpg,68
IMG_1873_crop3.jpg,68
20161229_115112_crop1.jpg,68
20161229_115112_crop2.jpg,68
20161229_115112_crop3.jpg,68
20161229_115121_crop1.jpg,68
20161229_115121_crop2.jpg,68
20161229_115121_crop3.jpg,68
20161229_115116_crop1.jpg,68
20161229_115116_crop2.jpg,68
20161229_115116_crop3.jpg,68
20161229_130349_crop1.jpg,68
20161229_130349_crop2.jpg,68
20161229_130349_crop3.jpg,68
20161229_115125_crop1.jpg,69
20161229_115125_crop2.jpg,69
20161229_115125_crop3.jpg,69
IMG_1874_crop1.jpg,69
IMG_1874_crop2.jpg,69
IMG_1874_crop3.jpg,69
20161229_130353_crop1.jpg,69
20161229_130353_crop2.jpg,69
20161229_130353_crop3.jpg,69
20161229_115136_crop1.jpg,69
20161229_115136_crop2.jpg,69
20161229_115136_crop3.jpg,69
20161229_115131_crop1.jpg,69
20161229_115131_crop2.jpg,69
20161229_115131_crop3.jpg,69
IMG_1875_crop1.jpg,70
IMG_1875_crop2.jpg,70
IMG_1875_crop3.jpg,70
20161229_115150_crop1.jpg,70
20161229_115150_crop2.jpg,70
20161229_115150_crop3.jpg,70
20161229_115146_crop1.jpg,70
20161229_115146_crop2.jpg,70
20161229_115146_crop3.jpg,70
20161229_130359_crop1.jpg,70
20161229_130359_crop2.jpg,70
20161229_130359_crop3.jpg,70
20161229_115140_crop1.jpg,70
20161229_115140_crop2.jpg,70
20161229_115140_crop3.jpg,70
20161229_115203_crop1.jpg,71
20161229_115203_crop2.jpg,71
20161229_115203_crop3.jpg,71
20161229_130404_crop1.jpg,71
20161229_130404_crop2.jpg,71
20161229_130404_crop3.jpg,71
20161229_115159_crop1.jpg,71
20161229_115159_crop2.jpg,71
20161229_115159_crop3.jpg,71
IMG_1876_crop1.jpg,71
IMG_1876_crop2.jpg,71
IMG_1876_crop3.jpg,71
20161229_115154_crop1.jpg,71
20161229_115154_crop2.jpg,71
20161229_115154_crop3.jpg,71
IMG_1878_crop1.jpg,72
IMG_1878_crop2.jpg,72
IMG_1878_crop3.jpg,72
20161229_115213_crop1.jpg,72
20161229_115213_crop2.jpg,72
20161229_115213_crop3.jpg,72
20161229_115220_crop1.jpg,72
20161229_115220_crop2.jpg,72
20161229_115220_crop3.jpg,72
20161229_115208_crop1.jpg,72
20161229_115208_crop2.jpg,72
20161229_115208_crop3.jpg,72
20161229_130410_crop1.jpg,72
20161229_130410_crop2.jpg,72
20161229_130410_crop3.jpg,72
IMG_1877_crop1.jpg,72
IMG_1877_crop2.jpg,72
IMG_1877_crop3.jpg,72
20161229_130414_crop1.jpg,73
20161229_130414_crop2.jpg,73
20161229_130414_crop3.jpg,73
20161229_115236_crop1.jpg,73
20161229_115236_crop2.jpg,73
20161229_115236_crop3.jpg,73
IMG_1879_crop1.jpg,73
IMG_1879_crop2.jpg,73
IMG_1879_crop3.jpg,73
20161229_115225_crop1.jpg,73
20161229_115225_crop2.jpg,73
20161229_115225_crop3.jpg,73
20161229_115229_crop1.jpg,73
20161229_115229_crop2.jpg,73
20161229_115229_crop3.jpg,73
20161229_115248_crop1.jpg,74
20161229_115248_crop2.jpg,74
20161229_115248_crop3.jpg,74
20161229_115252_crop1.jpg,74
20161229_115252_crop2.jpg,74
20161229_115252_crop3.jpg,74
20161229_115243_crop1.jpg,74
20161229_115243_crop2.jpg,74
20161229_115243_crop3.jpg,74
20161229_130421_crop1.jpg,74
20161229_130421_crop2.jpg,74
20161229_130421_crop3.jpg,74
IMG_1880_crop1.jpg,74
IMG_1880_crop2.jpg,74
IMG_1880_crop3.jpg,74
20161229_130425_crop1.jpg,75
20161229_130425_crop2.jpg,75
20161229_130425_crop3.jpg,75
20161229_115322_crop1.jpg,75
20161229_115322_crop2.jpg,75
20161229_115322_crop3.jpg,75
20161229_115308_crop1.jpg,75
20161229_115308_crop2.jpg,75
20161229_115308_crop3.jpg,75
IMG_1881_crop1.jpg,75
IMG_1881_crop2.jpg,75
IMG_1881_crop3.jpg,75
20161229_115327_crop1.jpg,75
20161229_115327_crop2.jpg,75
20161229_115327_crop3.jpg,75
IMG_1882_crop1.jpg,76
IMG_1882_crop2.jpg,76
IMG_1882_crop3.jpg,76
20161229_115341_crop1.jpg,76
20161229_115341_crop2.jpg,76
20161229_115341_crop3.jpg,76
20161229_130430_crop1.jpg,76
20161229_130430_crop2.jpg,76
20161229_130430_crop3.jpg,76
20161229_115344_crop1.jpg,76
20161229_115344_crop2.jpg,76
20161229_115344_crop3.jpg,76
20161229_115348_crop1.jpg,76
20161229_115348_crop2.jpg,76
20161229_115348_crop3.jpg,76
20161229_115353_crop1.jpg,77
20161229_115353_crop2.jpg,77
20161229_115353_crop3.jpg,77
20161229_115357_crop1.jpg,77
20161229_115357_crop2.jpg,77
20161229_115357_crop3.jpg,77
IMG_1883_crop1.jpg,77
IMG_1883_crop2.jpg,77
IMG_1883_crop3.jpg,77
20161229_115401_crop1.jpg,77
20161229_115401_crop2.jpg,77
20161229_115401_crop3.jpg,77
20161229_130436_crop1.jpg,77
20161229_130436_crop2.jpg,77
20161229_130436_crop3.jpg,77
IMG_1884_crop1.jpg,78
IMG_1884_crop2.jpg,78
IMG_1884_crop3.jpg,78
20161229_115409_crop1.jpg,78
20161229_115409_crop2.jpg,78
20161229_115409_crop3.jpg,78
20161229_115405_crop1.jpg,78
20161229_115405_crop2.jpg,78
20161229_115405_crop3.jpg,78
20161229_115413_crop1.jpg,78
20161229_115413_crop2.jpg,78
20161229_115413_crop3.jpg,78
20161229_130446_crop1.jpg,78
20161229_130446_crop2.jpg,78
20161229_130446_crop3.jpg,78
20161229_115427_crop1.jpg,79
20161229_115427_crop2.jpg,79
20161229_115427_crop3.jpg,79
20161229_130454_crop1.jpg,79
20161229_130454_crop2.jpg,79
20161229_130454_crop3.jpg,79
IMG_1885_crop1.jpg,79
IMG_1885_crop2.jpg,79
IMG_1885_crop3.jpg,79
20161229_122348_crop1.jpg,79
20161229_122348_crop2.jpg,79
20161229_122348_crop3.jpg,79
20161229_122332_crop1.jpg,79
20161229_122332_crop2.jpg,79
20161229_122332_crop3.jpg,79
20161229_122336_crop1.jpg,79
20161229_122336_crop2.jpg,79
20161229_122336_crop3.jpg,79
20161229_115419_crop1.jpg,79
20161229_115419_crop2.jpg,79
20161229_115419_crop3.jpg,79
20161229_115423_crop1.jpg,79
20161229_115423_crop2.jpg,79
20161229_115423_crop3.jpg,79
20161229_115442_crop1.jpg,80
20161229_115442_crop2.jpg,80
20161229_115442_crop3.jpg,80
20161229_130459_crop1.jpg,80
20161229_130459_crop2.jpg,80
20161229_130459_crop3.jpg,80
20161229_115436_crop1.jpg,80
20161229_115436_crop2.jpg,80
20161229_115436_crop3.jpg,80
IMG_1886_crop1.jpg,80
IMG_1886_crop2.jpg,80
IMG_1886_crop3.jpg,80
20161229_115432_crop1.jpg,80
20161229_115432_crop2.jpg,80
20161229_115432_crop3.jpg,80
20161229_115454_crop1.jpg,81
20161229_115454_crop2.jpg,81
20161229_115454_crop3.jpg,81
20161229_115507_crop1.jpg,81
20161229_115507_crop2.jpg,81
20161229_115507_crop3.jpg,81
20161229_115447_crop1.jpg,81
20161229_115447_crop2.jpg,81
20161229_115447_crop3.jpg,81
IMG_1887_crop1.jpg,81
IMG_1887_crop2.jpg,81
IMG_1887_crop3.jpg,81
20161229_130507_crop1.jpg,81
20161229_130507_crop2.jpg,81
20161229_130507_crop3.jpg,81
20161229_130511_crop1.jpg,82
20161229_130511_crop2.jpg,82
20161229_130511_crop3.jpg,82
20161229_115529_crop1.jpg,82
20161229_115529_crop2.jpg,82
20161229_115529_crop3.jpg,82
20161229_115524_crop1.jpg,82
20161229_115524_crop2.jpg,82
20161229_115524_crop3.jpg,82
IMG_1888_crop1.jpg,82
IMG_1888_crop2.jpg,82
IMG_1888_crop3.jpg,82
20161229_115519_crop1.jpg,82
20161229_115519_crop2.jpg,82
20161229_115519_crop3.jpg,82
IMG_1889_crop1.jpg,83
IMG_1889_crop2.jpg,83
IMG_1889_crop3.jpg,83
20161229_115540_crop1.jpg,83
20161229_115540_crop2.jpg,83
20161229_115540_crop3.jpg,83
20161229_115534_crop1.jpg,83
20161229_115534_crop2.jpg,83
20161229_115534_crop3.jpg,83
20161229_130516_crop1.jpg,83
20161229_130516_crop2.jpg,83
20161229_130516_crop3.jpg,83
20161229_115552_crop1.jpg,84
20161229_115552_crop2.jpg,84
20161229_115552_crop3.jpg,84
IMG_1890_crop1.jpg,84
IMG_1890_crop2.jpg,84
IMG_1890_crop3.jpg,84
20161229_115556_crop1.jpg,84
20161229_115556_crop2.jpg,84
20161229_115556_crop3.jpg,84
20161229_130520_crop1.jpg,84
20161229_130520_crop2.jpg,84
20161229_130520_crop3.jpg,84
20161229_130526_crop1.jpg,85
20161229_130526_crop2.jpg,85
20161229_130526_crop3.jpg,85
20161229_115601_crop1.jpg,85
20161229_115601_crop2.jpg,85
20161229_115601_crop3.jpg,85
20161229_115606_crop1.jpg,85
20161229_115606_crop2.jpg,85
20161229_115606_crop3.jpg,85
IMG_1891_crop1.jpg,85
IMG_1891_crop2.jpg,85
IMG_1891_crop3.jpg,85
IMG_1892_crop1.jpg,86
IMG_1892_crop2.jpg,86
IMG_1892_crop3.jpg,86
20161229_115617_crop1.jpg,86
20161229_115617_crop2.jpg,86
20161229_115617_crop3.jpg,86
20161229_115611_crop1.jpg,86
20161229_115611_crop2.jpg,86
20161229_115611_crop3.jpg,86
20161229_130531_crop1.jpg,86
20161229_130531_crop2.jpg,86
20161229_130531_crop3.jpg,86
20161229_115622_crop1.jpg,86
20161229_115622_crop2.jpg,86
20161229_115622_crop3.jpg,86
20161229_130540_crop1.jpg,87
20161229_130540_crop2.jpg,87
20161229_130540_crop3.jpg,87
20161229_115637_crop1.jpg,87
20161229_115637_crop2.jpg,87
20161229_115637_crop3.jpg,87
20161229_115632_crop1.jpg,87
20161229_115632_crop2.jpg,87
20161229_115632_crop3.jpg,87
20161229_115627_crop1.jpg,87
20161229_115627_crop2.jpg,87
20161229_115627_crop3.jpg,87
IMG_1893_crop1.jpg,87
IMG_1893_crop2.jpg,87
IMG_1893_crop3.jpg,87
IMG_1894_crop1.jpg,87
IMG_1894_crop2.jpg,87
IMG_1894_crop3.jpg,87
20161229_115725_crop1.jpg,88
20161229_115725_crop2.jpg,88
20161229_115725_crop3.jpg,88
20161229_130639_crop1.jpg,88
20161229_130639_crop2.jpg,88
20161229_130639_crop3.jpg,88
20161229_115718_crop1.jpg,88
20161229_115718_crop2.jpg,88
20161229_115718_crop3.jpg,88
IMG_1896_crop1.jpg,88
IMG_1896_crop2.jpg,88
IMG_1896_crop3.jpg,88
IMG_1895_crop1.jpg,88
IMG_1895_crop2.jpg,88
IMG_1895_crop3.jpg,88
20161229_115722_crop1.jpg,88
20161229_115722_crop2.jpg,88
20161229_115722_crop3.jpg,88
IMG_1897_crop1.jpg,89
IMG_1897_crop2.jpg,89
IMG_1897_crop3.jpg,89
20161229_115735_crop1.jpg,89
20161229_115735_crop2.jpg,89
20161229_115735_crop3.jpg,89
20161229_115731_crop1.jpg,89
20161229_115731_crop2.jpg,89
20161229_115731_crop3.jpg,89
20161229_130647_crop1.jpg,89
20161229_130647_crop2.jpg,89
20161229_130647_crop3.jpg,89
20161229_115739_crop1.jpg,89
20161229_115739_crop2.jpg,89
20161229_115739_crop3.jpg,89
20161229_115749_crop1.jpg,90
20161229_115749_crop2.jpg,90
20161229_115749_crop3.jpg,90
20161229_130653_crop1.jpg,90
20161229_130653_crop2.jpg,90
20161229_130653_crop3.jpg,90
20161229_115753_crop1.jpg,90
20161229_115753_crop2.jpg,90
20161229_115753_crop3.jpg,90
20161229_115744_crop1.jpg,90
20161229_115744_crop2.jpg,90
20161229_115744_crop3.jpg,90
IMG_1898_crop1.jpg,90
IMG_1898_crop2.jpg,90
IMG_1898_crop3.jpg,90
20161229_115801_crop1.jpg,91
20161229_115801_crop2.jpg,91
20161229_115801_crop3.jpg,91
20161229_115805_crop1.jpg,91
20161229_115805_crop2.jpg,91
20161229_115805_crop3.jpg,91
20161229_115757_crop1.jpg,91
20161229_115757_crop2.jpg,91
20161229_115757_crop3.jpg,91
20161229_130659_crop1.jpg,91
20161229_130659_crop2.jpg,91
20161229_130659_crop3.jpg,91
IMG_1899_crop1.jpg,91
IMG_1899_crop2.jpg,91
IMG_1899_crop3.jpg,91
20161229_115810_crop1.jpg,92
20161229_115810_crop2.jpg,92
20161229_115810_crop3.jpg,92
20161229_130706_crop1.jpg,92
20161229_130706_crop2.jpg,92
20161229_130706_crop3.jpg,92
20161229_115813_crop1.jpg,92
20161229_115813_crop2.jpg,92
20161229_115813_crop3.jpg,92
IMG_1900_crop1.jpg,92
IMG_1900_crop2.jpg,92
IMG_1900_crop3.jpg,92
20161229_115817_crop1.jpg,92
20161229_115817_crop2.jpg,92
20161229_115817_crop3.jpg,92
20161229_115925_crop1.jpg,93
20161229_115925_crop2.jpg,93
20161229_115925_crop3.jpg,93
IMG_1901_crop1.jpg,93
IMG_1901_crop2.jpg,93
IMG_1901_crop3.jpg,93
20161229_115829_crop1.jpg,93
20161229_115829_crop2.jpg,93
20161229_115829_crop3.jpg,93
20161229_115920_crop1.jpg,93
20161229_115920_crop2.jpg,93
20161229_115920_crop3.jpg,93
20161229_115824_crop1.jpg,93
20161229_115824_crop2.jpg,93
20161229_115824_crop3.jpg,93
20161229_130715_crop1.jpg,93
20161229_130715_crop2.jpg,93
20161229_130715_crop3.jpg,93
IMG_1902_crop1.jpg,94
IMG_1902_crop2.jpg,94
IMG_1902_crop3.jpg,94
20161229_130725_crop1.jpg,94
20161229_130725_crop2.jpg,94
20161229_130725_crop3.jpg,94
20161229_115938_crop1.jpg,94
20161229_115938_crop2.jpg,94
20161229_115938_crop3.jpg,94
20161229_115943_crop1.jpg,94
20161229_115943_crop2.jpg,94
20161229_115943_crop3.jpg,94
20161229_115934_crop1.jpg,94
20161229_115934_crop2.jpg,94
20161229_115934_crop3.jpg,94
20161229_115953_crop1.jpg,95
20161229_115953_crop2.jpg,95
20161229_115953_crop3.jpg,95
20161229_130733_crop1.jpg,95
20161229_130733_crop2.jpg,95
20161229_130733_crop3.jpg,95
20161229_115958_crop1.jpg,95
20161229_115958_crop2.jpg,95
20161229_115958_crop3.jpg,95
20161229_120003_crop1.jpg,95
20161229_120003_crop2.jpg,95
20161229_120003_crop3.jpg,95
IMG_1903_crop1.jpg,95
IMG_1903_crop2.jpg,95
IMG_1903_crop3.jpg,95
20161229_120013_crop1.jpg,96
20161229_120013_crop2.jpg,96
20161229_120013_crop3.jpg,96
20161229_130743_crop1.jpg,96
20161229_130743_crop2.jpg,96
20161229_130743_crop3.jpg,96
20161229_120027_crop1.jpg,96
20161229_120027_crop2.jpg,96
20161229_120027_crop3.jpg,96
IMG_1904_crop1.jpg,96
IMG_1904_crop2.jpg,96
IMG_1904_crop3.jpg,96
20161229_120038_crop1.jpg,97
20161229_120038_crop2.jpg,97
20161229_120038_crop3.jpg,97
20161229_130752_crop1.jpg,97
20161229_130752_crop2.jpg,97
20161229_130752_crop3.jpg,97
IMG_1905_crop1.jpg,97
IMG_1905_crop2.jpg,97
IMG_1905_crop3.jpg,97
20161229_120032_crop1.jpg,97
20161229_120032_crop2.jpg,97
20161229_120032_crop3.jpg,97
20161229_120109_crop1.jpg,98
20161229_120109_crop2.jpg,98
20161229_120109_crop3.jpg,98
20161229_130802_crop1.jpg,98
20161229_130802_crop2.jpg,98
20161229_130802_crop3.jpg,98
IMG_1906_crop1.jpg,98
IMG_1906_crop2.jpg,98
IMG_1906_crop3.jpg,98
20161229_120100_crop1.jpg,98
20161229_120100_crop2.jpg,98
20161229_120100_crop3.jpg,98
20161229_120054_crop1.jpg,98
20161229_120054_crop2.jpg,98
20161229_120054_crop3.jpg,98
20161229_120128_crop1.jpg,99
20161229_120128_crop2.jpg,99
20161229_120128_crop3.jpg,99
20161229_120124_crop1.jpg,99
20161229_120124_crop2.jpg,99
20161229_120124_crop3.jpg,99
20161229_120120_crop1.jpg,99
20161229_120120_crop2.jpg,99
20161229_120120_crop3.jpg,99
IMG_1907_crop1.jpg,99
IMG_1907_crop2.jpg,99
IMG_1907_crop3.jpg,99
20161229_130815_crop1.jpg,99
20161229_130815_crop2.jpg,99
20161229_130815_crop3.jpg,99
20161229_120147_crop1.jpg,100
20161229_120147_crop2.jpg,100
20161229_120147_crop3.jpg,100
IMG_1908_crop1.jpg,100
IMG_1908_crop2.jpg,100
IMG_1908_crop3.jpg,100
20161229_120143_crop1.jpg,100
20161229_120143_crop2.jpg,100
20161229_120143_crop3.jpg,100
20161229_120138_crop1.jpg,100
20161229_120138_crop2.jpg,100
20161229_120138_crop3.jpg,100
20161229_130830_crop1.jpg,100
20161229_130830_crop2.jpg,100
20161229_130830_crop3.jpg,100
IMG_1909_crop1.jpg,101
IMG_1909_crop2.jpg,101
IMG_1909_crop3.jpg,101
20161229_120209_crop1.jpg,101
20161229_120209_crop2.jpg,101
20161229_120209_crop3.jpg,101
20161229_130839_crop1.jpg,101
20161229_130839_crop2.jpg,101
20161229_130839_crop3.jpg,101
20161229_120157_crop1.jpg,101
20161229_120157_crop2.jpg,101
20161229_120157_crop3.jpg,101
20161229_120152_crop1.jpg,101
20161229_120152_crop2.jpg,101
20161229_120152_crop3.jpg,101
20161229_120241_crop1.jpg,102
20161229_120241_crop2.jpg,102
20161229_120241_crop3.jpg,102
20161229_120236_crop1.jpg,102
20161229_120236_crop2.jpg,102
20161229_120236_crop3.jpg,102
20161229_120229_crop1.jpg,102
20161229_120229_crop2.jpg,102
20161229_120229_crop3.jpg,102
20161229_120222_crop1.jpg,102
20161229_120222_crop2.jpg,102
20161229_120222_crop3.jpg,102
IMG_1910_crop1.jpg,102
IMG_1910_crop2.jpg,102
IMG_1910_crop3.jpg,102
20161229_130851_crop1.jpg,102
20161229_130851_crop2.jpg,102
20161229_130851_crop3.jpg,102
20161229_120251_crop1.jpg,103
20161229_120251_crop2.jpg,103
20161229_120251_crop3.jpg,103
IMG_1911_crop1.jpg,103
IMG_1911_crop2.jpg,103
IMG_1911_crop3.jpg,103
20161229_130859_crop1.jpg,103
20161229_130859_crop2.jpg,103
20161229_130859_crop3.jpg,103
20161229_120246_crop1.jpg,103
20161229_120246_crop2.jpg,103
20161229_120246_crop3.jpg,103
20161229_120255_crop1.jpg,103
20161229_120255_crop2.jpg,103
20161229_120255_crop3.jpg,103
20161229_120301_crop1.jpg,104
20161229_120301_crop2.jpg,104
20161229_120301_crop3.jpg,104
20161229_130906_crop1.jpg,104
20161229_130906_crop2.jpg,104
20161229_130906_crop3.jpg,104
IMG_1912_crop1.jpg,104
IMG_1912_crop2.jpg,104
IMG_1912_crop3.jpg,104
20161229_120307_crop1.jpg,104
20161229_120307_crop2.jpg,104
20161229_120307_crop3.jpg,104
IMG_1913_crop1.jpg,105
IMG_1913_crop2.jpg,105
IMG_1913_crop3.jpg,105
20161229_120343_crop1.jpg,105
20161229_120343_crop2.jpg,105
20161229_120343_crop3.jpg,105
20161229_120312_crop1.jpg,105
20161229_120312_crop2.jpg,105
20161229_120312_crop3.jpg,105
20161229_120335_crop1.jpg,105
20161229_120335_crop2.jpg,105
20161229_120335_crop3.jpg,105
20161229_130913_crop1.jpg,105
20161229_130913_crop2.jpg,105
20161229_130913_crop3.jpg,105
IMG_1914_crop1.jpg,106
IMG_1914_crop2.jpg,106
IMG_1914_crop3.jpg,106
20161229_120405_crop1.jpg,106
20161229_120405_crop2.jpg,106
20161229_120405_crop3.jpg,106
20161229_120348_crop1.jpg,106
20161229_120348_crop2.jpg,106
20161229_120348_crop3.jpg,106
20161229_130919_crop1.jpg,106
20161229_130919_crop2.jpg,106
20161229_130919_crop3.jpg,106
20161229_120354_crop1.jpg,106
20161229_120354_crop2.jpg,106
20161229_120354_crop3.jpg,106
IMG_1915_crop1.jpg,107
IMG_1915_crop2.jpg,107
IMG_1915_crop3.jpg,107
IMG_1916_crop1.jpg,107
IMG_1916_crop2.jpg,107
IMG_1916_crop3.jpg,107
20161229_120456_crop1.jpg,107
20161229_120456_crop2.jpg,107
20161229_120456_crop3.jpg,107
20161229_130927_crop1.jpg,107
20161229_130927_crop2.jpg,107
20161229_130927_crop3.jpg,107
20161229_120441_crop1.jpg,107
20161229_120441_crop2.jpg,107
20161229_120441_crop3.jpg,107
20161229_120410_crop1.jpg,107
20161229_120410_crop2.jpg,107
20161229_120410_crop3.jpg,107
20161229_120515_crop1.jpg,108
20161229_120515_crop2.jpg,108
20161229_120515_crop3.jpg,108
20161229_120520_crop1.jpg,108
20161229_120520_crop2.jpg,108
20161229_120520_crop3.jpg,108
20161229_120535_crop1.jpg,108
20161229_120535_crop2.jpg,108
20161229_120535_crop3.jpg,108
20161229_130935_crop1.jpg,108
20161229_130935_crop2.jpg,108
20161229_130935_crop3.jpg,108
IMG_1917_crop1.jpg,108
IMG_1917_crop2.jpg,108
IMG_1917_crop3.jpg,108
IMG_1918_crop1.jpg,108
IMG_1918_crop2.jpg,108
IMG_1918_crop3.jpg,108
20161229_120549_crop1.jpg,109
20161229_120549_crop2.jpg,109
20161229_120549_crop3.jpg,109
IMG_1919_crop1.jpg,109
IMG_1919_crop2.jpg,109
IMG_1919_crop3.jpg,109
20161229_120553_crop1.jpg,109
20161229_120553_crop2.jpg,109
20161229_120553_crop3.jpg,109
20161229_120541_crop1.jpg,109
20161229_120541_crop2.jpg,109
20161229_120541_crop3.jpg,109
20161229_130944_crop1.jpg,109
20161229_130944_crop2.jpg,109
20161229_130944_crop3.jpg,109
20161229_120614_crop1.jpg,110
20161229_120614_crop2.jpg,110
20161229_120614_crop3.jpg,110
20161229_130952_crop1.jpg,110
20161229_130952_crop2.jpg,110
20161229_130952_crop3.jpg,110
20161229_120606_crop1.jpg,110
20161229_120606_crop2.jpg,110
20161229_120606_crop3.jpg,110
20161229_120558_crop1.jpg,110
20161229_120558_crop2.jpg,110
20161229_120558_crop3.jpg,110
IMG_1920_crop1.jpg,110
IMG_1920_crop2.jpg,110
IMG_1920_crop3.jpg,110
20161229_120601_crop1.jpg,110
20161229_120601_crop2.jpg,110
20161229_120601_crop3.jpg,110
20161229_120659_crop1.jpg,111
20161229_120659_crop2.jpg,111
20161229_120659_crop3.jpg,111
20161229_120717_crop1.jpg,111
20161229_120717_crop2.jpg,111
20161229_120717_crop3.jpg,111
20161229_120744_crop1.jpg,111
20161229_120744_crop2.jpg,111
20161229_120744_crop3.jpg,111
20161229_120651_crop1.jpg,111
20161229_120651_crop2.jpg,111
20161229_120651_crop3.jpg,111
20161229_120737_crop1.jpg,111
20161229_120737_crop2.jpg,111
20161229_120737_crop3.jpg,111
IMG_1921_crop1.jpg,111
IMG_1921_crop2.jpg,111
IMG_1921_crop3.jpg,111
IMG_1923_crop1.jpg,111
IMG_1923_crop2.jpg,111
IMG_1923_crop3.jpg,111
20161229_120708_crop1.jpg,111
20161229_120708_crop2.jpg,111
20161229_120708_crop3.jpg,111
20161229_120645_crop1.jpg,111
20161229_120645_crop2.jpg,111
20161229_120645_crop3.jpg,111
IMG_1922_crop1.jpg,111
IMG_1922_crop2.jpg,111
IMG_1922_crop3.jpg,111
20161229_120732_crop1.jpg,111
20161229_120732_crop2.jpg,111
20161229_120732_crop3.jpg,111
IMG_1924_crop1.jpg,111
IMG_1924_crop2.jpg,111
IMG_1924_crop3.jpg,111
20161229_120636_crop1.jpg,111
20161229_120636_crop2.jpg,111
20161229_120636_crop3.jpg,111
20161229_120739_crop1.jpg,111
20161229_120739_crop2.jpg,111
20161229_120739_crop3.jpg,111
20161229_120712_crop1.jpg,111
20161229_120712_crop2.jpg,111
20161229_120712_crop3.jpg,111
20161229_120803_crop1.jpg,112
20161229_120803_crop2.jpg,112
20161229_120803_crop3.jpg,112
20161229_120757_crop1.jpg,112
20161229_120757_crop2.jpg,112
20161229_120757_crop3.jpg,112
20161229_120828_crop1.jpg,112
20161229_120828_crop2.jpg,112
20161229_120828_crop3.jpg,112
20161229_120819_crop1.jpg,112
20161229_120819_crop2.jpg,112
20161229_120819_crop3.jpg,112
20161229_120814_crop1.jpg,112
20161229_120814_crop2.jpg,112
20161229_120814_crop3.jpg,112
20161229_120809_crop1.jpg,112
20161229_120809_crop2.jpg,112
20161229_120809_crop3.jpg,112
